<?xml version="1.0" encoding="UTF-8" standalone="yes"?>
<addon id="repository.yelo.repo" name="YELOrepo" version="1.0" provider-name="SEU_NOME_DE_USUARIO_AQUI">
    <extension point="xbmc.addon.repository.yelo.repo" name="Yelo Repo">
        <dir>
            <info compressed="false">https://raw.githubusercontent.com/hugoow/yelorepository/master/zips/addons.xml</info>
            <checksum>https://raw.githubusercontent.com/hugoow/yelorepository/master/zips/addons.xml.md5</checksum>
            <datadir zip="true">https://raw.githubusercontent.com/hugoow/yelorepository/master/zips/</datadir>
        </dir>
    </extension>
    <extension point="xbmc.addon.metadata">
        <summary>Yelo Repo</summary>
        <description>RESUMO DE SEU REPO AQUI</description>
        <disclaimer></disclaimer>
        <platform>all</platform>
        <assets>
            <icon>icon.png</icon>
            <fanart>fanart.jpg</fanart>
        </assets>
    </extension>
</addon>